id_preprint,resumen
pap-not-1,"Este trabajo presenta una introducción general a distintos problemas matemáticos y sus posibles aplicaciones. Se describen algunas ideas principales, ejemplos sencillos y herramientas utilizadas para analizar los resultados. El objetivo es ofrecer una referencia accesible que permita comprender los conceptos fundamentales y sirva como punto de partida para estudios posteriores."
cuad-x-1,Resumen no disponible por el momento.
pap-tex-6,"El presente texto está dirigido a estudiantes del primer semestre de carreras en ciencias exactas. Contiene temas que los introducen al Álgebra y busca incorporar, a través de su tratamiento, una descripción minuciosa y rigurosa de los procedimientos de demostración y deducción necesarios para formar a los estudiantes en el pensamiento matemático abstracto. Conforme se presenta el material, se introduce al lector no sólo en el lenguaje de las matemáticas, sino en la forma de estructurar las ideas, desarrollarlas y escribir los diversos resultados. Es un texto con un grado elevado de rigor, claridad y pedagogía, que puede ser utilizado de manera autodidacta o como un complemento necesario para las clases en aula.</br> Este primer tomo está conformado por seis capítulos, cada uno con diversas secciones y un bloque de ejercicios cuidadosamente seleccionados; incluye nociones de lógica matemática y una introducción al manejo correcto de los conjuntos. Se expone también el concepto matemático de relación, dando un especial énfasis a las relaciones de equivalencia, y se aborda a profundidad el concepto de función. El capítulo quinto se centra en los números naturales, sus operaciones y su orden, inspeccionando detenidamente los principios de inducción y del buen orden, con numerosas demostraciones. El último capítulo versa sobre combinatoria finita, incorporando primero el concepto de cardinalidad en conjuntos finitos y los principios formales para contar de manera correcta."
pap-tex-10,Resumen no disponible por el momento.
pap-tex-1,Resumen no disponible por el momento.
pap-tex-4,Resumen no disponible por el momento.
pap-mix-1,Resumen no disponible por el momento.
pap-ico-3,Resumen no disponible por el momento.
pap-tex-2,Resumen no disponible por el momento.
pap-tex-3,Resumen no disponible por el momento.
pap-tex-5,Resumen no disponible por el momento.
pap-tex-7,Resumen no disponible por el momento.
pap-tex-9,Resumen no disponible por el momento.
pap-tex-11,Resumen no disponible por el momento.
pap-tex-12,Resumen no disponible por el momento.
pap-not-2,Resumen no disponible por el momento.
pap-not-3,Resumen no disponible por el momento.
pap-act-1,Resumen no disponible por el momento.
