id_version,id_preprint,version,fecha,archivo,nota_version
pap-not-1-v1,pap-not-1,1,2026-09-29,pap-not-1-v1.pdf,Primera versión disponible en Papirhos Preprints.
cuad-x-1-v1,cuad-x-1,1,2026-09-29,cuad-x-1-v1.pdf,Primera versión disponible en Papirhos Preprints.
pap-tex-6-v1,pap-tex-6,1,2026-09-29,pap-tex-6-v1.pdf,Primera versión disponible en Papirhos Preprints.
pap-tex-10-v1,pap-tex-10,1,2026-09-29,pap-tex-10-v1.pdf,Primera versión disponible en Papirhos Preprints.
pap-tex-1-v1,pap-tex-1,1,2026-09-29,pap-tex-1-v1.pdf,Primera versión disponible en Papirhos Preprints.
pap-tex-4-v1,pap-tex-4,1,2026-09-29,pap-tex-4-v1.pdf,Primera versión disponible en Papirhos Preprints.
pap-mix-1-v1,pap-mix-1,1,2026-09-29,pap-mix-1-v1.pdf,Primera versión disponible en Papirhos Preprints.
pap-ico-3-v1,pap-ico-3,1,2026-09-29,pap-ico-3-v1.pdf,Primera versión disponible en Papirhos Preprints.
pap-tex-2-v1,pap-tex-2,1,2026-09-29,pap-tex-2-v1.pdf,Primera versión disponible en Papirhos Preprints.
pap-tex-3-v1,pap-tex-3,1,2026-09-29,pap-tex-3-v1.pdf,Primera versión disponible en Papirhos Preprints.
pap-tex-5-v1,pap-tex-5,1,2026-09-29,pap-tex-5-v1.pdf,Primera versión disponible en Papirhos Preprints.
pap-tex-7-v1,pap-tex-7,1,2026-09-29,pap-tex-7-v1.pdf,Primera versión disponible en Papirhos Preprints.
pap-tex-9-v1,pap-tex-9,1,2026-09-29,pap-tex-9-v1.pdf,Primera versión disponible en Papirhos Preprints.
pap-tex-11-v1,pap-tex-11,1,2026-09-29,pap-tex-11-v1.pdf,Primera versión disponible en Papirhos Preprints.
pap-tex-12-v1,pap-tex-12,1,2026-09-29,pap-tex-12-v1.pdf,Primera versión disponible en Papirhos Preprints.
pap-not-2-v1,pap-not-2,1,2026-09-29,pap-not-2-v1.pdf,Primera versión disponible en Papirhos Preprints.
pap-not-3-v1,pap-not-3,1,2026-09-29,pap-not-3-v1.pdf,Primera versión disponible en Papirhos Preprints.
pap-act-1-v1,pap-act-1,1,2026-09-29,pap-act-1-v1.pdf,Primera versión disponible en Papirhos Preprints.
